nBytes,nPackets,activeTime,sleepTime,ports,dns_req,ntp_req,dns_interval,ntp_interval,avg_pkt,mean_rate,Label
85040669,79623,808,92,56,36,30,53.583333333333336,40.86666666666667,1068.041508106954,1.0430092852606974,23
52834224,52322,831,69,34,18,20,7.8,4.3,1009.7898398379267,0.9861228904667253,23
